,scikit-learn,Manual PyTorch,Standard PyTorch
Temperature,0.019118773815778898,0.019149888,0.019148853
Fuel_Price,-0.007103385894405234,-0.007139255,-0.0071380245
Unemployment,-0.03885123680565072,-0.039192583,-0.03918078
is_superbowl,0.029869505549817002,0.029877862,0.029877594
is_labor_day,0.054120690663299977,0.054121252,0.054121234
is_thanksgiving,0.33597476373517443,0.33598354,0.33598328
is_pre_christmas,0.34105577310396007,0.34106097,0.34106085
is_post_christmas,-0.2799063565668996,-0.27989173,-0.27989224
Store_2,0.2544642317837879,0.25474837,0.2547389
Store_3,-1.3510632654328019,-1.3508903,-1.3508959
Store_4,0.2935159192790294,0.29358867,0.29358652
Store_5,-1.6032301564878484,-1.6032205,-1.6032203
Store_6,0.019091505537773834,0.019174028,0.019171484
Store_7,-0.9569731600793259,-0.9564882,-0.9565046
Store_8,-0.5339422205368891,-0.53396547,-0.5339644
Store_9,-1.0659825116560822,-1.066,-1.0659993
Store_10,0.26090928790378587,0.26136976,0.26135427
Store_11,-0.11954817805006197,-0.11937732,-0.11938293
Store_12,-0.2790104228249156,-0.27761802,-0.2776657
Store_13,0.2856539638757132,0.2858836,0.28587604
Store_14,0.3704388214422424,0.37087658,0.3708618
Store_15,-0.8394985022829927,-0.83917266,-0.8391843
Store_16,-1.0709747524776416,-1.0708995,-1.0709016
Store_17,-0.5420607156313395,-0.54197246,-0.54197526
Store_18,-0.27913234910245793,-0.2786063,-0.27862415
Store_19,0.0012308392095963644,0.00155579,0.0015449243
Store_20,0.3421937886907814,0.3424163,0.34240898
Store_21,-0.6655308982358071,-0.66524804,-0.66525745
Store_22,-0.3505460241445215,-0.35017294,-0.35018542
Store_23,-0.12285334977544901,-0.1230576,-0.123050235
Store_24,-0.06675195066643698,-0.06637702,-0.06638962
Store_25,-0.7450475038069074,-0.74481916,-0.7448267
Store_26,-0.3681790447305491,-0.36782384,-0.36783573
Store_27,0.20908440011400428,0.2093955,0.20938507
Store_28,0.01098293201526799,0.012375236,0.012327602
Store_29,-0.958926512802163,-0.95821464,-0.9582387
Store_30,-1.2081063883413643,-1.2078246,-1.207834
Store_31,-0.06799912048581926,-0.06771609,-0.06772556
Store_32,-0.22312154076522814,-0.22265984,-0.22267543
Store_33,-1.7242038979830854,-1.7237046,-1.7237213
Store_34,-0.38762591700414223,-0.38693783,-0.3869613
Store_35,-0.4267998198099661,-0.4263454,-0.42636073
Store_36,-1.2801548151320414,-1.2798188,-1.2798305
Store_37,-1.0459859294618934,-1.0456476,-1.0456593
Store_38,-1.2800946682252972,-1.2787005,-1.2787489
Store_39,-0.06956880896847828,-0.06923175,-0.06924305
Store_40,-0.47705435647935496,-0.47725728,-0.47725007
Store_41,-0.19392694101144323,-0.19375902,-0.19376446
Store_42,-0.9794123192763939,-0.97895205,-0.9789675
Store_43,-0.7956693053422915,-0.79499924,-0.7950226
Store_44,-1.6234685784449603,-1.6232798,-1.623286
Store_45,-0.6183355884918559,-0.61789787,-0.61791253
Month_2,0.11366851738618632,0.11367778,0.11367743
Month_3,0.0775980661007717,0.077608846,0.077608444
Month_4,0.07839823758094176,0.07838407,0.07838452
Month_5,0.08062022883026908,0.080602765,0.08060333
Month_6,0.10417230903446352,0.10412531,0.10412688
Month_7,0.06656452245836707,0.06649406,0.06649645
Month_8,0.08024777852235518,0.08017827,0.08018061
Month_9,0.018976228653353924,0.018914444,0.018916516
Month_10,0.044211886891558104,0.044147465,0.04414966
Month_11,0.07925014256700179,0.07923825,0.079238616
Month_12,0.26272553259668097,0.2627365,0.26273614
intercept,14.09914465717823,14.098822,14.098832
